ITEM;ESPECIFICAÇÃO;CATMAT;UNIDADE DE MEDIDA CATMAT;QUANTIDADE;VALOR UNITÁRIO;VALOR TOTAL;LOCAL DE ENTREGA
1;ADAPTADOR, CONEXÃO:ADAPTADOR DE TOMADA TRIPOLAR, APLICAÇÃO:ATENDER NOVO PADRÃO BRASILEIRO DE TOMADA, REFERÊNCIA:SMS 64119.;387200;UNIDADE;77;R$7,33;R$564,41;Campus Lavras
2;ADAPTADOR, QUANTIDADE PÓLOS:2 P + T, CONEXÃO:PLUG 2P+T PADRÃO ANTIGO P/TOMADA 2P+T PADRÃO BRAS., CORRENTE NOMINAL:15 A.;387255;UNIDADE;90;R$7,42;R$667,80;Campus Lavras
3;ADAPTADOR, TENSÃO NOMINAL:127/220 V, TIPO:TOMADA 2P+T, CORRENTE NOMINAL:20 A, CARACTERÍSTICAS ADICIONAIS:ADAPTADOR DE TOMADA DO PADRÃO ANTIGO, APLICAÇÃO:INFORMÁTICA, MATERIAL:TERMOPLÁSTICO, NORMAS TÉCNICAS:NBR 14136, REFERÊNCIA:CÓDIGO 64119, POTÊNCIA NOMINAL:1905/3300 W.;395739;UNIDADE;31;R$7,26;R$225,06;Campus Lavras
4;BATERIA NÃO RECARREGÁVEL, TIPO: ALCALINA, VOLTAGEM: 9 V, AMPERAGEM: 120 MAH;300473;UNIDADE;156;R$7,01;R$1.093,56;Campus Lavras
5;BATERIA AUTOMOTIVA, TIPO: SELADA, TENSÃO NOMINAL: 12 V, CAPACIDADE NOMINAL: 7,0 AH, SISTEMA ELETROQUÍMICO: CHUMBO-ÁCIDO IDEAL PARA NO-BREAKS, ALARMES E OUTROS EQUIPAMENTOS.;458450;UNIDADE;26;R$100,99;R$2.625,74;Campus Lavras
6;BATERIA NÃO RECARREGÁVEL, TIPO: BOTÃO, TENSÃO NOMINAL: 1,5 VCC, MODELO: LR44, CAPACIDADE NOMINAL: 120 MAH;482036;EMB 10,00 UN;16;R$4,20;R$67,20;Campus Lavras
7;BATERIA NÃO RECARREGÁVEL, TIPO: ALCALINA, VOLTAGEM: 9 V, APLICAÇÃO: APARELHO ELETRO-ELETRÔNICO.;234354;EMB 10,00 UN;173;R$115,50;R$19.981,50;Campus Lavras
8;BATERIA NÃO RECARREGÁVEL, TIPO: BUTTON CELL, VOLTAGEM: 1,55 V, APLICAÇÃO: CANETA LASER, CARACTERÍSTICAS ADICIONAIS: REFERÊNCIA LR 41 + SODA, ALCALINA.;301633;UNIDADE;91;R$0,90;R$81,90;Campus Lavras
9;BATERIA NÃO RECARREGÁVEL, TIPO: LITHIUM, VOLTAGEM: 3 V, APLICAÇÃO: MÁQUINA FOTOGRÁFICA, CARACTERÍSTICAS ADICIONAIS: MODELO CR2032.;313931;UNIDADE;182;R$1,35;R$245,70;Campus Lavras
10;BATERIA RECARREGÁVEL, TENSÃO: 9 V, APLICAÇÃO: EQUIPAMENTOS ELETRÔNICOS SISTEMA ELETROQUÍMICO: NI-MH, CAPACIDADE NOMINAL: 160 MAH.;333185;UNIDADE;91;R$22,26;R$2.025,66;Campus Lavras
11;BATERIA RECARREGÁVEL, TENSÃO:9 V, APLICAÇÃO:EQUIPAMENTOS ELETRÔNICOS CARACTERÍSTICAS ADICIONAIS: 320 MAH.;333185;UNIDADE;148;R$30,79;R$4.556,92;Campus Lavras
12;BATERIA RECARREGÁVEL, TIPO:SELADA VRLA(REGULADAS POR VÁLVULAS), DURAÇÃO CARGA:20 H, USO:NOBREAK, SISTEMA ELETROQUÍMICO:CHUMBO-ÁCIDO, CAPACIDADE NOMINAL:17 AH, TENSÃO NOMINAL:12 V.;465504;UNIDADE;48;R$189,89;R$9.114,72;Campus Lavras
13;"BATERIA RECARREGÁVEL, TIPO: SELADA VRLA (REGULADAS POR VÁLVULAS) ESTACIONÁRIA, DURAÇÃO CARGA: 20 H, USO: NOBREAK, SISTEMA ELETROQUÍMICO: CHUMBO-ÁCIDO, TENSÃO NOMINAL: 12 V, CARACTERÍSTICAS ADICIONAIS: DISPENSA ADIÇÃO ÁGUA OU ELETRÓLITO, CAPACIDADE NOMINAL: 5 AH, DIMENSÕES: (AXCXL) 110 X 90 X 70 MM, FAIXA TEMPERATURA DE TRABALHO: 25 °C.
Grupo Material: 3026 - MATERIAL ELETRICO E ELETRÔNICO";455738;UNIDADE;31;R$70,09;R$2.172,79;Campus Lavras
14;BATERIA RECARREGÁVEL, TIPO: SELADA VRLA (REGULADAS POR VÁLVULAS) ESTACIONÁRIA, DURAÇÃO CARGA: 20 H, USO: NOBREAK, SISTEMA ELETROQUÍMICO: CHUMBO-ÁCIDO, TENSÃO NOMINAL: 12 V, CARACTERÍSTICAS ADICIONAIS: DISPENSA ADIÇÃO ÁGUA OU ELETRÓLITO, CAPACIDADE NOMINAL: 7 AH, DIMENSÕES: (AXCXL) 110 X 155 X 70 MM, FAIXA TEMPERATURA DE TRABALHO: 25 °C.;455739;UNIDADE;57;R$72,11;R$4.110,27;Campus Lavras
15;CABO CONEXÃO, COMPRIMENTO CABO:1 M, CARACTERÍSTICAS ADICIONAIS:ABERTURA DO JACARÉ: 6 MM, APLICAÇÃO:PRÁTICAS ELETRÔNICAS, USO:PARA GERADOR DE FUNÇÃO, CARACTERÍSTICAS TÉCNICAS:PADRÃO DE CONEXÃO BNC-JACARÉ PEQUENO, CABO INJETAD, IMPEDÂNCIA:500HMS +/- 2.5 OHMS//115PF, ATENUAÇÃO:0.1DB/M(30MHZ)0.264DB/M(200MHZ), ISOLAÇÃO:10000KOHMS KM, DIÂMETRO EXTERNO DO CONDUTOR:5.0MM +/- 0.15 MM.;393979;UNIDADE;78;R$25,54;R$1.992,12;Campus Lavras
16;CAMPAINHA SEM FIO, ALCANCE MÁXIMO: 80 M, QUANTIDADE SONS: 3 UN, TIPO: DIGITAL, CARACTERÍSTICAS ADICIONAIS: CONTROLE REMOTO, PILHA AA OU TOMADA ELÉTRICA BIVOLT PARA ALIMENTAÇÃO DO RECEPTOR, BATERIA 12V 23A JÁ INCLUSA PARA ALIMENTAÇÃO DO TRANSMISSOR, TENSÃO ALIMENTAÇÃO: BIVOLT, À PROVA D'ÁGUA, FIXAÇÃO (BOTÃO ACIONADOR E CAMPAINHA): PARAFUSOS.;446499;UNIDADE;125;R$49,32;R$6.165,00;Campus Lavras
17;CARREGADOR BATERIA, CAPACIDADE: 2 OU 4 PILHAS AA/AAA., CARACTERÍSTICAS ADICIONAIS: FONTE DE ALIMENTAÇÃO AC/D, PROTEÇÃO CONTRA INVERSÃ, APLICAÇÃO: MATERIAL DE INFORMÁTICA, TIPO BATERIA: RECARREGÁVEIS NI-MH/NI-CD.;353713;UNIDADE;126;R$42,22;R$5.319,72;Campus Lavras
18;VENTILADOR, TIPO: COLUNA, POTÊNCIA MOTOR: 200 W, TENSÃO ALIMENTAÇÃO: 110/220 V (BIVOLT), CARACTERÍSTICAS ADICIONAIS: OSCILANTE, CONTROLE VELOCIDADE, REGULAGEM ALTURA, MATERIAL: AÇO, DIÂMETRO: 50 CM, COR: PRETA, ALTURA: 1,90 M, REGULAGEM ALTURA NO CORPO DA COLUNA, GRADES: CROMADAS REMOVÍVEIS, MOVIMENTO DE OSCILAÇÃO: DIREITA/ESQUERDA, INCLINAÇÃO: PARA CIMA E PARA BAIXO, VAZÃO MÍNIMA: 200 M3/MIN, BASE INJETADA TURBO, ROTAÇÃO MÍNIMA: 1100 RPM, PÁS: 3 PÁS, CHAVE DE CONTROLE: TRÊS VELOCIDADES.;461895;UNIDADE;265;R$243,49;R$64.524,85;Campus Lavras
19;CHAPA AÇO, MATERIAL: AÇO CARBONO, ESPESSURA: 3 MM, COMPRIMENTO: 3 M, LARGURA: 1,20 M, ACABAMENTO: XADREZ, APLICAÇÃO: PISO EMBARCAÇÃO.;308679;UNIDADE;3;R$896,60;R$2.689,80;Campus Lavras
20;CHAVE ELÉTRICA ROTATIVA, CARACTERÍSTICAS ADICIONAIS: 22MM, CONTATOS 2NA, TIPO: SELETORA, ACIONAMENTO: MANUAL, QUANTIDADE POSIÇÕES: 3, REF.: SCHNEIDER XA2ED33 OU EQUIVALENTE.;455282;UNIDADE;18;R$28,00;R$504,00;Campus Lavras
21;CHUVEIRO ELÉTRICO, MATERIAL: TERMOPLÁSTICO, VARIAÇÕES TEMPERATURA ÁGUA: 3, POTÊNCIA: 4.500 W, TENSÃO OPERAÇÃO:2 20 V, CARACTERÍSTICAS ADICIONAIS: MANGUEIRA E DUCHA MANUAL.;368642;UNIDADE;151;R$64,36;R$9.718,36;Campus Lavras
22;ESTAÇÃO SOLDA, TIPO CORRENTE: ALTERNADA, TENSÃO ALIMENTAÇÃO: 110 V, TIPO PONTA: REMOVÍVEL, CONTROLE CALOR: INCLUÍDO, CONTROLE TERMOSTÁTICO: INCLUÍDO, TEMPERATURA MÁXIMA: 200 A 480 ¿CPOTÊNCIA 45 OU 48 WATTS.;244223;UNIDADE;29;R$439,34;R$12.740,86;Campus Lavras
23;ESTILETE, TIPO: LARGO, MATERIAL CORPO: EMBORRACHADO, CARACTERÍSTICAS ADICIONAIS: COM TRAVA DE SEGURANÇA, LÂMINA DE 15 MM.;397293;UNIDADE;124;R$6,52;R$808,48;Campus Lavras
24;EXTENSÃO ELÉTRICA, COMPRIMENTO: 10 M, TENSÃO: 250 V, COMPONENTES: PLUGUE COMPATÍVEL COM PINOS CHATO, CILÍNDRICO E PO, CORRENTE: 10 A.;292976;UNIDADE;126;R$39,89;R$5.026,14;Campus Lavras
25;FITA ISOLANTE ELÉTRICA, RESISTÊNCIA À TENSÃO: ATÉ 600 V, COMPRIMENTO: 20 M, LARGURA: 19 MM, CARACTERÍSTICAS ADICIONAIS: ANTI-CHAMA.;285271;ROLO 20,00 M;473;R$4,45;R$2.104,85;Campus Lavras
26;GARRA JACARÉ, MATERIAL: METAL, MATERIAL ISOLAMENTO: BORRACHA, COR: VERMELHA, COMPRIMENTO: 2,50 CM.;254864;UNIDADE;406;R$2,08;R$844,48;Campus Lavras
27;LÂMPADA HALÓGENA, TENSÃO NOMINAL: 6 V, POTÊNCIA NOMINAL: 20 W, APLICAÇÃO: MICROSCÓPIO OLYMPUS, REFERÊNCIA FABRICANTE: OSRAM 64250.;272265;UNIDADE;72;R$26,66;R$1.919,52;Campus Lavras
28;PILHA RECARREGAVEL, COMPOSIÇÃO: NÍQUAL METAL HIDRETO (NIMH), MODELO: AAA, TENSÃO: 1,2 V, CAPACIDADE CORRENTE: 900 MAH.;351251;EMB 4,00 UN;113;R$38,74;R$4.377,62;Campus Lavras
29;PILHA RECARREGAVEL, COMPOSIÇÃO: NÍQUAL METAL HIDRETO (NIMH), TAMANHO PILHA: MINI, MODELO: AAA, TENSÃO: 1,2 V.;272871;EMB 2,00 UN;13;R$12,12;R$157,56;Campus Lavras
30;PILHA RECARREGAVEL, COMPOSIÇÃO:NÍQUAL METAL HIDRETO (NIMH), MODELO:AA, TENSÃO:1,2 V, CAPACIDADE CORRENTE:2500 MAH.;317533;EMB 4,00 UN;122;R$38,54;R$4.701,88;Campus Lavras
31;PILHA RECARREGAVEL, TAMANHO PILHA:PALITO, MODELO:AAA, APLICAÇÃO:EQUIPAMENTOS ELETRÔNICOS, SISTEMA ELETROQUÍMICO:NÍQUEL METAL HIDRETO (NI-MH), CAPACIDADE NOMINAL:800 MAH, TENSÃO NOMINAL:1,2 V.;458336;EMB 2,00 UN;30;R$16,57;R$497,10;Campus Lavras
32;PILHA RECARREGAVEL, TAMANHO PILHA:PEQUENA, MODELO:AA, TENSÃO:1,2 V, CAPACIDADE CORRENTE:2000 MAH.;319647;EMB 2,00 UN;35;R$29,64;R$1.037,40;Campus Lavras
33;PILHA, TAMANHO: MÉDIA, TIPO: COMUM, MODELO: C.;236151;EMB 2,00 UN;29;R$6,15;R$178,35;Campus Lavras
34;PILHA, TAMANHO: PALITO, MODELO: AAA, CARACTERÍSTICAS ADICIONAIS: NÃO RECARREGÁVEL, SISTEMA ELETROQUÍMICO: ALCALINA, TENSÃO NOMINAL: 1,5 V.;419860;EMB 4,00 UN;277;R$5,38;R$1.490,26;Campus Lavras
35;PILHA, TAMANHO: PALITO, TIPO: COMUM, MODELO: AAA.;231785;EMB 4,00 UN;757;R$5,02;R$3.800,14;Campus Lavras
36;PILHA, TAMANHO:PEQUENA, TIPO:COMUM, MODELO:AA.;231786;EMB 4,00 UN;801;R$5,52;R$4.421,52;Campus Lavras
37;PILHA, TAMANHO:GRANDE, MODELO:D, CARACTERÍSTICAS ADICIONAIS:NÃO RECARREGÁVEL, SISTEMA ELETROQUÍMICO:ALCALINA, TENSÃO NOMINAL:1,5 V.;419861;EMB 4,00 UN;16;R$29,53;R$472,48;Campus Lavras
38;PILHA, TAMANHO:PALITO, MODELO:AAA, SISTEMA ELETROQUÍMICO:ALCALINA.;309967;EMB 4,00 UN;508;R$5,68;R$2.885,44;Campus Lavras
39;PILHA, TAMANHO:PEQUENA, TIPO:ALCALINA, TENSÃO:1,5 V, CARACTERÍSTICAS ADICIONAIS:NÃO RECARREGÁVEL.;235925;EMB 4,00 UN;230;R$13,19;R$3.033,70;Campus Lavras
40;PORTA-FUSÍVEL, CORRENTE NOMINAL: 16 A, DIMENSÕES: 5 X 20 MM, APLICAÇÃO: 1 FUSÍVEL, TIPO: BAIONETA, CARACTERÍSTICAS ADICIONAIS: CONEXÃO EM LINHA, TENSÃO NOMINAL: 250 V.;424040;UNIDADE;467;R$2,30;R$1.074,10;Campus Lavras
41;PORTA-FUSÍVEL, MATERIAL: POLIPROPILENO, APLICAÇÃO: FUSÍVEL DE VIDRO 20AG, TENSÃO NOMINAL: 250 V18 A, COM ROSCA, MEDIDAS APROXIMADAS: 6 X 30 MM.;426843;UNIDADE;434;R$2,90;R$1.258,60;Campus Lavras
42;PRENSA-CABO, MATERIAL: ALUMÍNIO, DIÂMETRO CABO: 3/8 POL.;322555;UNIDADE;53;R$3,71;R$196,63;Campus Lavras
43;PROTETOR CONTRA SURTO DE TENSÃO, TENSÃO DISPARO: 275 V, MODELO: VCL, CORRRENTE DE IMPULSO: 12,5 KA, CORRENTE MÁXIMA DE OPERAÇÃO: 60 KA.;359418;UNIDADE;60;R$119,11;R$7.146,60;Campus Lavras
44;"ITEM DE PARTICIPAÇÃO EXCLUSIVA - ME/EPP

REFLETOR, MATERIAL CORPO: ALUMÍNIO, TIPO LÂMPADA: LED, POTÊNCIA LÂMPADA: 150 W, TENSÃO ALIMENTAÇÃO: BIVOLT - 
CARACTERÍSTICAS ADICIONAIS:
REFLETOR LED DE ALTA POTÊNCIA;
POTÊNCIA NOMINAL DE 150W;
TENSÃO NOMINAL 100-277V;
FLUXO LUMINOSO 15.000LM; 
EFICIÊNCIA EM LM/W 100LM/W;
TEMPERATURA DE COR 5000K;
ÍNDICE DE REPRODUÇÃO DE COR (IRC) >80;
FATOR DE POTÊNCIA 0.9;
ÂNGULO DE ABERTURA 100°;
VIDA ÚTIL MÍNIMA: 30.000H;
DIMERIZÁVEL NÃO;
GRAU DE PROTEÇÃO MÍNIMO: IP65;
TEMPERATURA MÍNIMA E MÁXIMA DE TRABALHO -20~? + 50°C;
TEMPERATURA MÍNIMA E MÁXIMA DE ARMAZENAGEM -30~? + 70°C;
THD <20%;
PROTEÇÃO CONTRA SURTOS 10KV;
PESO LÍQUIDO DO PRODUTO NO MÁXIMO 4050G;
DIMENSÕES: C: 300MM L: 270MM A: 76MM (MM).";458577;UNIDADE;99;R$415,73;R$41.157,27;Campus Lavras
45;"ITEM DE AMPLA PARTICIPAÇÃO

REFLETOR, MATERIAL CORPO: ALUMÍNIO, TIPO LÂMPADA: LED, POTÊNCIA LÂMPADA: 150 W, TENSÃO ALIMENTAÇÃO: BIVOLT - 
CARACTERÍSTICAS ADICIONAIS:
REFLETOR LED DE ALTA POTÊNCIA;
POTÊNCIA NOMINAL DE 150W;
TENSÃO NOMINAL 100-277V;
FLUXO LUMINOSO 15.000LM; 
EFICIÊNCIA EM LM/W 100LM/W;
TEMPERATURA DE COR 5000K;
ÍNDICE DE REPRODUÇÃO DE COR (IRC) >80;
FATOR DE POTÊNCIA 0.9;
ÂNGULO DE ABERTURA 100°;
VIDA ÚTIL MÍNIMA: 30.000H;
DIMERIZÁVEL NÃO;
GRAU DE PROTEÇÃO MÍNIMO: IP65;
TEMPERATURA MÍNIMA E MÁXIMA DE TRABALHO -20~? + 50°C;
TEMPERATURA MÍNIMA E MÁXIMA DE ARMAZENAGEM -30~? + 70°C;
THD <20%;
PROTEÇÃO CONTRA SURTOS 10KV;
PESO LÍQUIDO DO PRODUTO NO MÁXIMO 4050G;
DIMENSÕES: C: 300MM L: 270MM A: 76MM (MM).";458577;UNIDADE;300;R$415,73;R$124.719,00;Campus Lavras
46;SUPORTE PARA PILHA, MATERIAL: PLÁSTICO, TIPO: CANOA, COMPRIMENTO: 58 MM, LARGURA: 31,4 MM, ALTURA: 16,5 MM, MODELO: SP2, APLICAÇÃO: ELETRÔNICA, CARACTERÍSTICAS ADICIONAIS: SUPORTE PARA DUAS PILHAS PEQUENAS TAMANHO AA, MEDIDAS APROXIMADAS.;370319;UNIDADE;150;R$3,21;R$481,50;Campus Lavras
47;TERMINAL ELÉTRICO, MATERIAL: COBRE, TIPO: PRÉ-ISOLADO, REVESTIMENTO: MATERIAL ISOLANTE, APLICAÇÃO: MANUTENÇÃO ELÉTRICA, BITOLA: 2,5 MM2, CARACTERÍSTICAS ADICIONAIS: FORQUILHA - TPF.;261568;UNIDADE;403;R$0,43;R$173,29;Campus Lavras
48;CABO ELÉTRICO FLEXÍVEL, TENSÃO ISOLAMENTO: > OU = 750 V, MATERIAL DO CONDUTOR: COBRE, MATERIAL ISOLAMENTO: PVC ANTI-CHAMA, COR DA ISOLAÇÃO: PRETA, BITOLA: 1,5 MM.;472307;RO 100,00 M;40;R$98,38;R$3.935,20;Campus Lavras
49;LUZ EMERGÊNCIA, TIPO: FIXO À PAREDE, QUANTIDADE LÂMPADAS: 2 UN, TIPO LÂMPADA: FLUORESCENTE, POTÊNCIA LÂMPADA: 8 W, TENSÃO ALIMENTAÇÃO: BIVOLT, CARACTERÍSTICAS ADICIONAIS: COM BATERIA RECARREGÁVEL DE 6 V.;301910;UNIDADE;369;R$197,30;R$72.803,70;Campus Lavras
50;TRANSFORMADOR COMANDO, TENSÃO PRIMÁRIA: 110/220 V, TENSÃO SECUNDÁRIA: 12 + 12 VCA, CORRENTE NOMINAL: 1 A.;437555;UNIDADE;329;R$42,08;R$13.844,32;Campus Lavras
51;BATERIA NÃO RECARREGÁVEL, TIPO: SELADA, APLICAÇÃO: NO BREAK, TENSÃO NOMINAL: 12 V, MODELO: FP1290, CAPACIDADE NOMINAL: 9 AH, DIMENSÕES: (LXPXA)151X65X100 MM, PESO: 2,6 KG;393851;UNIDADE;280;R$97,60;R$27.328,00;Campus Lavras
52;CONECTOR ELÉTRICO, COR: BRANCA, CARACTERÍSTICAS ADICIONAIS: PINO BANANA 1561, MATERIAL: METÁLICO, BITOLA: 4 MM, TIPO: PRESSÃO, CORRENTE NOMINAL: 10 A, TIPO CONSTRUTIVO: LONGO E ISOLADO, APLICAÇÃO: RÉGUA BORNER.;344301;UNIDADE;1482;R$5,75;R$8.521,50;Campus Lavras
53;ELETRODUTO, MATERIAL: POLIETILENO ALTA DENSIDADE, TIPO: CORRUGADO, COR: PRETA, APLICAÇÃO: CABO SUBTERRÂNEO, CARACTERÍSTICAS ADICIONAIS: FLEXÍVEL , IMPERMEÁVEL E ESFORÇO COM COMPRESSÃO DIA, ACESSÓRIOS: GUIA, DIÂMETRO NOMINAL: 2 POL, REFERÊNCIA FABRICANTE: KANAFLEX.;469322;RO 50,00 M;130;R$247,65;R$32.194,50;Campus Lavras
54;PLUGUE, TIPO: FÊMEA, FORMATO CONTATO: UNIVERSAL, COR CORPO: BRANCA, CORRENTE NOMINAL: 10 A, TENSÃO NOMINAL: 250 V, NÚMERO PÓLOS: 2 P, MATERIAL: PLÁSTICO.;285361;UNIDADE;1307;R$5,19;R$6.783,33;Campus Lavras
55;PLUGUE, TIPO: FÊMEA, NÚMERO PINOS: 3 UN, FORMATO PINOS: REDONDO, COR CORPO: CINZA, CORRENTE NOMINAL: 10 A, TENSÃO NOMINAL: 250 V, NÚMERO PÓLOS: 2 P + T, CARACTERÍSTICAS ADICIONAIS: COM PRENSA CABO DIAMETRO EXTERNO ATÉ 8MM, SAÍDA LA, NORMAS TÉCNICAS: NBR 14136, APLICAÇÃO: REDES ELÉTRICAS.;387666;UNIDADE;1313;R$4,56;R$5.987,28;Campus Lavras
56;PLUGUE, TIPO: MACHO, NÚMERO PINOS: 3 UN, FORMATO PINOS: CILÍNDRICO, CORRENTE NOMINAL: 10 A, TENSÃO NOMINAL: 250 V, NÚMERO PÓLOS: 2 P + T, NORMAS TÉCNICAS: NBR 14136, PADRÃO: BRASILEIRO.;418902;UNIDADE;1320;R$4,04;R$5.332,80;Campus Lavras
57;TEMPORIZADOR, APLICAÇÃO: CONTROLE DE EQUIPAMENTOS, TIPO: ELETRÔNICO, CARACTERÍSTICAS ADICIONAIS: FONTE DE TENSÃO AUXILIAR: 12 VDC, ALIMENTAÇÃO: 100/240 VCA, RELE TEMPORIZADOR ESTRELA TRIANGULO, FAIXA DE AJUSTE DE 0-60S.;455482;UNIDADE;179;R$158,80;R$28.425,20;Campus Lavras
58;TOMADA, MODELO: PLUGUE, TIPO: MACHO, COR CORPO: BRANCA, CORRENTE NOMINAL: 20 A, TENSÃO NOMINAL: 250 V, NÚMERO PÓLOS: 2 P + T, CARACTERÍSTICAS ADICIONAIS: COM PRENSA CABO PLÁSTICO, NORMAS TÉCNICAS: ABNT 14136, MATERIAL: PVC - CLORETO DE POLIVINILA, REFERÊNCIA: PIAL 615833, NÚMERO PINOS: 3, FORMATO PINOS: REDONDO.;390276;UNIDADE;1313;R$8,88;R$11.659,44;Campus Lavras
59;"ELETRODUTO, MATERIAL: POLIETILENO ALTA DENSIDADE, TIPO: CORRUGADO, BITOLA: 3 POL, CARACTERÍSTICAS ADICIONAIS: C/ ARAME GUIA GALVANIZADO E FITA AVISO ""PERIGO"".";310911;RO 50,00 M;130;R$433,86;R$56.401,80;Campus Lavras
